{"cameraMode":{"drawMode":0,"name":"Shaded","section":"Shading Mode"},"sceneLighting":true,"audioPlay":false,"sceneViewState":{"m_AlwaysRefresh":false,"showFog":true,"showSkybox":true,"showFlares":true,"showImageEffects":true,"showParticleSystems":true,"showVisualEffectGraphs":true,"m_FxEnabled":true},"in2DMode":false,"pivot":{"x":-4.266531467437744,"y":2.5090038776397707,"z":-1.522497534751892},"rotation":{"x":-0.644204318523407,"y":0.018357032909989358,"z":-0.015446368604898453,"w":-0.7645179033279419},"size":20.019025802612306,"orthographic":false}